{"assets/bg.jpg":["assets/bg.jpg"],"assets/bg1.png":["assets/bg1.png"],"assets/bg2.png":["assets/bg2.png"],"assets/bg3.png":["assets/bg3.png"],"assets/bg4.png":["assets/bg4.png"],"assets/bookmark.png":["assets/bookmark.png"],"assets/delete.png":["assets/delete.png"],"assets/edit.png":["assets/edit.png"],"assets/floor.png":["assets/floor.png"],"assets/font/Montserrat-Regular.ttf":["assets/font/Montserrat-Regular.ttf"],"assets/gear.png":["assets/gear.png"],"assets/home.png":["assets/home.png"],"assets/logo.png":["assets/logo.png"],"assets/map.png":["assets/map.png"],"assets/map_volume.png":["assets/map_volume.png"],"assets/preset.png":["assets/preset.png"],"assets/save.png":["assets/save.png"],"assets/support.png":["assets/support.png"],"assets/use.png":["assets/use.png"],"assets/volume.png":["assets/volume.png"],"assets/volume_active.png":["assets/volume_active.png"],"assets/volume_active2.png":["assets/volume_active2.png"],"assets/volume_fix.png":["assets/volume_fix.png"],"assets/volume_fix2.png":["assets/volume_fix2.png"],"assets/volume_normal.png":["assets/volume_normal.png"],"assets/volume_normal2.png":["assets/volume_normal2.png"],"assets/volume_up.png":["assets/volume_up.png"],"assets/volumn_off.png":["assets/volumn_off.png"],"assets/volumn_on.png":["assets/volumn_on.png"],"assets/zone.png":["assets/zone.png"],"packages/cupertino_icons/assets/CupertinoIcons.ttf":["packages/cupertino_icons/assets/CupertinoIcons.ttf"]}